{
"lengthUnit": "mil",
"remark": [],
"components": {
	"fields": ["COMPONENT_NO", "COMPONENT_NAME", "LAYER", "X_COORDINATE", "Y_COORDINATE", "ANGLE"],
	"rows": [
		[1, "C1", "T", 1000, 1294, 90],
		[2, "C2", "T", 788, 1438, 180],
		[3, "C3", "T", 914, 1450, 270],
		[4, "C4", "T", 1000, 1138, 270],
		[5, "D1", "T", 496, 966, 180],
		[6, "D2", "T", 704, 917, 0],
		[7, "D3", "T", 848, 917, 0],
		[8, "D4", "T", 992, 917, 0],
		[9, "J1", "T", 450, 750, 180],
		[10, "J2", "T", 545, 325, 180],
		[11, "U1", "T", 849, 1215, 0],
		[12, "PAD1", "T", 995.9055, 88.3465, 0],
		[13, "PAD1", "B", 995.9055, 88.3465, 0],
		[14, "PAD2", "T", 90.3543, 88.3465, 0],
		[15, "PAD2", "B", 90.3543, 88.3465, 0],
		[16, "PAD3", "T", 999.9957, 1321.5589, 0],
		[17, "PAD4", "T", 1000.0043, 1266.4411, 0],
		[18, "PAD5", "T", 760.4411, 1437.9957, 0],
		[19, "PAD6", "T", 815.5589, 1438.0043, 0],
		[20, "PAD7", "T", 1000.0043, 1110.4411, 0],
		[21, "PAD8", "T", 999.9957, 1165.5589, 0],
		[22, "PAD9", "T", 533.4, 1011.24, 0],
		[23, "PAD10", "T", 496, 1011.24, 0],
		[24, "PAD11", "T", 458.6, 1011.24, 0],
		[25, "PAD12", "T", 458.6, 920.76, 0],
		[26, "PAD13", "T", 496, 920.77, 0],
		[27, "PAD14", "T", 533.4, 920.76, 0],
		[28, "PAD15", "T", 666.6, 871.76, 0],
		[29, "PAD16", "T", 704, 871.76, 0],
		[30, "PAD17", "T", 741.4, 871.76, 0],
		[31, "PAD18", "T", 741.4, 962.24, 0],
		[32, "PAD19", "T", 704, 962.23, 0],
		[33, "PAD20", "T", 666.6, 962.24, 0],
		[34, "PAD21", "T", 810.6, 871.76, 0],
		[35, "PAD22", "T", 848, 871.76, 0],
		[36, "PAD23", "T", 885.4, 871.76, 0],
		[37, "PAD24", "T", 885.4, 962.24, 0],
		[38, "PAD25", "T", 848, 962.23, 0],
		[39, "PAD26", "T", 810.6, 962.24, 0],
		[40, "PAD27", "T", 954.6, 871.76, 0],
		[41, "PAD28", "T", 992, 871.76, 0],
		[42, "PAD29", "T", 1029.4, 871.76, 0],
		[43, "PAD30", "T", 1029.4, 962.24, 0],
		[44, "PAD31", "T", 992, 962.23, 0],
		[45, "PAD32", "T", 954.6, 962.24, 0],
		[46, "PAD33", "T", 659.17, 73.9, 0],
		[47, "PAD34", "T", 615.87, 73.9, 0],
		[48, "PAD35", "T", 572.56, 73.9, 0],
		[49, "PAD36", "T", 529.25, 73.9, 0],
		[50, "PAD37", "T", 485.94, 73.9, 0],
		[51, "PAD38", "T", 442.64, 73.91, 0],
		[52, "PAD39", "T", 399.33, 73.9, 0],
		[53, "PAD40", "T", 356.02, 73.9, 0],
		[54, "PAD41", "T", 263.7, 92.82, 0],
		[55, "PAD42", "T", 826.3, 98.72, 0],
		[56, "PAD43", "T", 826.3, 544.78, 0],
		[57, "PAD44", "T", 656.81, 576.08, 0],
		[58, "PAD45", "T", 350.51, 576.08, 0],
		[59, "PAD46", "T", 279.65, 531.79, 0],
		[60, "PAD47", "T", 279.65, 177.46, 0],
		[61, "PAD48", "T", 936.5, 1319.52, 0],
		[62, "PAD49", "T", 911.5, 1319.51, 0],
		[63, "PAD50", "T", 836.5, 1319.52, 0],
		[64, "PAD51", "T", 811.5, 1319.52, 0],
		[65, "PAD52", "T", 786.5, 1319.52, 0],
		[66, "PAD53", "T", 761.5, 1319.51, 0],
		[67, "PAD54", "T", 936.5, 1110.48, 0],
		[68, "PAD55", "T", 911.5, 1110.48, 0],
		[69, "PAD56", "T", 886.5, 1110.48, 0],
		[70, "PAD57", "T", 861.5, 1110.48, 0],
		[71, "PAD58", "T", 836.5, 1110.48, 0],
		[72, "PAD59", "T", 811.5, 1110.48, 0],
		[73, "PAD60", "T", 786.5, 1110.48, 0],
		[74, "PAD61", "T", 761.5, 1110.48, 0],
		[75, "PAD62", "T", 914.0043, 1422.4411, 0],
		[76, "PAD63", "T", 913.9957, 1477.5589, 0],
		[77, "PAD64", "T", 520.87, 810.63, 0],
		[78, "PAD65", "T", 520.87, 689.37, 0],
		[79, "PAD66", "T", 505.12, 810.63, 0],
		[80, "PAD67", "T", 505.12, 689.37, 0],
		[81, "PAD68", "T", 489.37, 810.63, 0],
		[82, "PAD69", "T", 473.62, 810.63, 0],
		[83, "PAD70", "T", 442.13, 689.37, 0],
		[84, "PAD71", "T", 426.38, 810.63, 0],
		[85, "PAD72", "T", 426.38, 689.37, 0],
		[86, "PAD73", "T", 410.63, 689.37, 0],
		[87, "PAD74", "T", 394.88, 689.37, 0],
		[88, "PAD75", "T", 379.13, 810.63, 0],
		[89, "PAD76", "T", 379.13, 689.37, 0]
	]
},
"pins": {
	"fields": ["PIN_NO", "PIN_NAME", "PIN_X", "PIN_Y", "LAYER", "PIN_TYPE", "NET_NAME", "NET_TYPE", "PAD_SHAPE", "PAD_SIZEX", "PAD_SIZEY", "HOLE_SIZE", "HOLE_LEN", "PAD_ANGLE"],
	"rows": [
		[1, "C1_1", 1000.0043, 1266.4411, "T", "SMD", "GND", "GND", "R", 31.496, 35.433, 0, 0, 90],
		[2, "C1_2", 999.9957, 1321.5589, "T", "SMD", "$1N1880", "", "R", 31.496, 35.433, 0, 0, 90],
		[3, "C2_1", 815.5589, 1438.0043, "T", "SMD", "$1N1954", "", "R", 31.496, 35.433, 0, 0, 180],
		[4, "C2_2", 760.4411, 1437.9957, "T", "SMD", "GND", "GND", "R", 31.496, 35.433, 0, 0, 180],
		[5, "C3_1", 913.9957, 1477.5589, "T", "SMD", "GND", "GND", "R", 31.496, 35.433, 0, 0, 270],
		[6, "C3_2", 914.0043, 1422.4411, "T", "SMD", "VCC5M", "", "R", 31.496, 35.433, 0, 0, 270],
		[7, "C4_1", 999.9957, 1165.5589, "T", "SMD", "GND", "GND", "R", 31.496, 35.433, 0, 0, 270],
		[8, "C4_2", 1000.0043, 1110.4411, "T", "SMD", "VPMOS", "", "R", 31.496, 35.433, 0, 0, 270],
		[9, "D1_1", 533.4, 1011.24, "T", "SMD", "NET_1", "", "R", 20.945, 42.205, 0, 0, 180],
		[10, "D1_2", 496, 1011.24, "T", "SMD", "GND", "GND", "R", 20.945, 42.205, 0, 0, 180],
		[11, "D1_3", 458.6, 1011.24, "T", "SMD", "NET_2", "", "R", 20.945, 42.205, 0, 0, 180],
		[12, "D1_4", 458.6, 920.76, "T", "SMD", "CONN_D_P", "", "R", 20.945, 42.205, 0, 0, 180],
		[13, "D1_5", 496, 920.77, "T", "SMD", "VCC5M", "", "R", 20.945, 42.205, 0, 0, 180],
		[14, "D1_6", 533.4, 920.76, "T", "SMD", "CONN_D_N", "", "R", 20.945, 42.205, 0, 0, 180],
		[15, "D2_1", 666.6, 871.76, "T", "SMD", "SD_DAT1", "", "R", 20.945, 42.205, 0, 0, 0],
		[16, "D2_2", 704, 871.76, "T", "SMD", "GND", "GND", "R", 20.945, 42.205, 0, 0, 0],
		[17, "D2_3", 741.4, 871.76, "T", "SMD", "SD_DAT0", "", "R", 20.945, 42.205, 0, 0, 0],
		[18, "D2_4", 741.4, 962.24, "T", "SMD", "CTRL_DAT0", "", "R", 20.945, 42.205, 0, 0, 0],
		[19, "D2_5", 704, 962.23, "T", "SMD", "VPMOS", "", "R", 20.945, 42.205, 0, 0, 0],
		[20, "D2_6", 666.6, 962.24, "T", "SMD", "CTRL_DAT1", "", "R", 20.945, 42.205, 0, 0, 0],
		[21, "D3_1", 810.6, 871.76, "T", "SMD", "SD_CLK", "", "R", 20.945, 42.205, 0, 0, 0],
		[22, "D3_2", 848, 871.76, "T", "SMD", "GND", "GND", "R", 20.945, 42.205, 0, 0, 0],
		[23, "D3_3", 885.4, 871.76, "T", "SMD", "SD_CMD", "", "R", 20.945, 42.205, 0, 0, 0],
		[24, "D3_4", 885.4, 962.24, "T", "SMD", "CTRL_CMD", "", "R", 20.945, 42.205, 0, 0, 0],
		[25, "D3_5", 848, 962.23, "T", "SMD", "VPMOS", "", "R", 20.945, 42.205, 0, 0, 0],
		[26, "D3_6", 810.6, 962.24, "T", "SMD", "CTRL_CLK", "", "R", 20.945, 42.205, 0, 0, 0],
		[27, "D4_1", 954.6, 871.76, "T", "SMD", "SD_DAT3", "", "R", 20.945, 42.205, 0, 0, 0],
		[28, "D4_2", 992, 871.76, "T", "SMD", "GND", "GND", "R", 20.945, 42.205, 0, 0, 0],
		[29, "D4_3", 1029.4, 871.76, "T", "SMD", "SD_DAT2", "", "R", 20.945, 42.205, 0, 0, 0],
		[30, "D4_4", 1029.4, 962.24, "T", "SMD", "CTRL_DAT2", "", "R", 20.945, 42.205, 0, 0, 0],
		[31, "D4_5", 992, 962.23, "T", "SMD", "VPMOS", "", "R", 20.945, 42.205, 0, 0, 0],
		[32, "D4_6", 954.6, 962.24, "T", "SMD", "CTRL_DAT3", "", "R", 20.945, 42.205, 0, 0, 0],
		[33, "J1_1", 520.87, 810.63, "T", "SMD", "GND", "GND", "R", 27.559, 7.874, 0, 0, 270],
		[34, "J1_2", 520.87, 689.37, "T", "SMD", "GND", "GND", "R", 27.559, 7.874, 0, 0, 270],
		[35, "J1_3", 505.12, 810.63, "T", "SMD", "CONN_D_N", "", "R", 27.559, 7.874, 0, 0, 270],
		[36, "J1_4", 505.12, 689.37, "T", "SMD", "GND", "GND", "R", 27.559, 7.874, 0, 0, 270],
		[37, "J1_5", 489.37, 810.63, "T", "SMD", "CONN_D_P", "", "R", 27.559, 7.874, 0, 0, 270],
		[38, "J1_6", 489.37, 689.37, "T", "SMD", "NET_3", "", "R", 27.559, 7.874, 0, 0, 270],
		[39, "J1_7", 473.62, 810.63, "T", "SMD", "GND", "GND", "R", 27.559, 7.874, 0, 0, 270],
		[40, "J1_8", 473.62, 689.37, "T", "SMD", "NET_4", "", "R", 27.559, 7.874, 0, 0, 270],
		[41, "J1_9", 457.87, 810.63, "T", "SMD", "NET_5", "", "R", 27.559, 7.874, 0, 0, 270],
		[42, "J1_10", 457.87, 689.37, "T", "SMD", "NET_6", "", "R", 27.559, 7.874, 0, 0, 270],
		[43, "J1_11", 442.13, 810.63, "T", "SMD", "NET_7", "", "R", 27.559, 7.874, 0, 0, 270],
		[44, "J1_12", 442.13, 689.37, "T", "SMD", "VCC5M", "", "R", 27.559, 7.874, 0, 0, 270],
		[45, "J1_13", 426.38, 810.63, "T", "SMD", "GND", "GND", "R", 27.559, 7.874, 0, 0, 270],
		[46, "J1_14", 426.38, 689.37, "T", "SMD", "VCC5M", "", "R", 27.559, 7.874, 0, 0, 270],
		[47, "J1_15", 410.63, 810.63, "T", "SMD", "NET_8", "", "R", 27.559, 7.874, 0, 0, 270],
		[48, "J1_16", 410.63, 689.37, "T", "SMD", "VCC5M", "", "R", 27.559, 7.874, 0, 0, 270],
		[49, "J1_17", 394.88, 810.63, "T", "SMD", "NET_9", "", "R", 27.559, 7.874, 0, 0, 270],
		[50, "J1_18", 394.88, 689.37, "T", "SMD", "VCC5M", "", "R", 27.559, 7.874, 0, 0, 270],
		[51, "J1_19", 379.13, 810.63, "T", "SMD", "GND", "GND", "R", 27.559, 7.874, 0, 0, 270],
		[52, "J1_20", 379.13, 689.37, "T", "SMD", "VCC5M", "", "R", 27.559, 7.874, 0, 0, 270],
		[53, "J2_1", 659.17, 73.9, "T", "SMD", "SD_DAT2", "", "R", 23.622, 62.992, 0, 0, 180],
		[54, "J2_2", 615.87, 73.9, "T", "SMD", "SD_DAT3", "", "R", 23.622, 62.992, 0, 0, 180],
		[55, "J2_3", 572.56, 73.9, "T", "SMD", "SD_CMD", "", "R", 23.622, 62.992, 0, 0, 180],
		[56, "J2_4", 529.25, 73.9, "T", "SMD", "VPMOS", "", "R", 23.622, 62.992, 0, 0, 180],
		[57, "J2_5", 485.94, 73.9, "T", "SMD", "SD_CLK", "", "R", 23.622, 62.992, 0, 0, 180],
		[58, "J2_6", 442.64, 73.91, "T", "SMD", "GND", "GND", "R", 23.622, 62.992, 0, 0, 180],
		[59, "J2_7", 399.33, 73.9, "T", "SMD", "SD_DAT0", "", "R", 23.622, 62.992, 0, 0, 180],
		[60, "J2_8", 356.02, 73.9, "T", "SMD", "SD_DAT1", "", "R", 23.622, 62.992, 0, 0, 180],
		[61, "J2_9", 263.7, 92.82, "T", "SMD", "GND", "GND", "R", 45.276, 86.614, 0, 0, 180],
		[62, "J2_9", 826.3, 98.72, "T", "SMD", "GND", "GND", "R", 45.276, 98.425, 0, 0, 180],
		[63, "J2_9", 826.3, 544.78, "T", "SMD", "GND", "GND", "R", 45.276, 86.614, 0, 0, 180],
		[64, "J2_9", 656.81, 576.08, "T", "SMD", "GND", "GND", "R", 45.276, 59.055, 0, 0, 270],
		[65, "J2_9", 350.51, 576.08, "T", "SMD", "GND", "GND", "R", 45.276, 59.055, 0, 0, 270],
		[66, "J2_9", 279.65, 531.79, "T", "SMD", "GND", "GND", "R", 47.244, 45.669, 0, 0, 270],
		[67, "J2_9", 279.65, 177.46, "T", "SMD", "GND", "GND", "R", 49.213, 45.669, 0, 0, 270],
		[68, "U1_1", 761.5, 1110.48, "T", "SMD", "GND", "GND", "O", 14, 71.449, 0, 0, 0],
		[69, "U1_2", 786.5, 1110.48, "T", "SMD", "CTRL_DAT1", "", "O", 14, 71.449, 0, 0, 0],
		[70, "U1_3", 811.5, 1110.48, "T", "SMD", "CTRL_DAT0", "", "O", 14, 71.449, 0, 0, 0],
		[71, "U1_4", 836.5, 1110.48, "T", "SMD", "CTRL_CLK", "", "O", 14, 71.449, 0, 0, 0],
		[72, "U1_5", 861.5, 1110.48, "T", "SMD", "CTRL_CMD", "", "O", 14, 71.449, 0, 0, 0],
		[73, "U1_6", 886.5, 1110.48, "T", "SMD", "CTRL_DAT3", "", "O", 14, 71.449, 0, 0, 0],
		[74, "U1_7", 911.5, 1110.48, "T", "SMD", "CTRL_DAT2", "", "O", 14, 71.449, 0, 0, 0],
		[75, "U1_8", 936.5, 1110.48, "T", "SMD", "VPMOS", "", "O", 14, 71.449, 0, 0, 0],
		[76, "U1_9", 936.5, 1319.52, "T", "SMD", "$1N1880", "", "O", 14, 71.449, 0, 0, 0],
		[77, "U1_10", 911.5, 1319.51, "T", "SMD", "VCC5M", "", "O", 14.016, 71.457, 0, 0, 0],
		[78, "U1_11", 886.5, 1319.52, "T", "SMD", "NET_10", "", "O", 14, 71.449, 0, 0, 0],
		[79, "U1_12", 861.5, 1319.52, "T", "SMD", "NET_11", "", "O", 14, 71.449, 0, 0, 0],
		[80, "U1_13", 836.5, 1319.52, "T", "SMD", "$1N1954", "", "O", 14, 71.449, 0, 0, 0],
		[81, "U1_14", 811.5, 1319.52, "T", "SMD", "GND", "GND", "O", 14, 71.449, 0, 0, 0],
		[82, "U1_15", 786.5, 1319.52, "T", "SMD", "NET_2", "", "O", 14, 71.449, 0, 0, 0],
		[83, "U1_16", 761.5, 1319.51, "T", "SMD", "NET_1", "", "O", 14.016, 71.457, 0, 0, 0],
		[84, "PAD1_2", 995.9055, 88.3465, "T", "DIP", "GND", "GND", "C", 60, 60, 80, 80, 0],
		[85, "PAD1_2", 995.9055, 88.3465, "B", "DIP", "GND", "GND", "C", 60, 60, 80, 80, 0],
		[86, "PAD2_2", 90.3543, 88.3465, "T", "DIP", "GND", "GND", "C", 60, 60, 80, 80, 0],
		[87, "PAD2_2", 90.3543, 88.3465, "B", "DIP", "GND", "GND", "C", 60, 60, 80, 80, 0],
		[88, "PAD3_2", 999.9957, 1321.5589, "T", "SMD", "$1N1880", "", "R", 31.496, 35.433, 0, 0, 90],
		[89, "PAD4_1", 1000.0043, 1266.4411, "T", "SMD", "GND", "GND", "R", 31.496, 35.433, 0, 0, 90],
		[90, "PAD5_2", 760.4411, 1437.9957, "T", "SMD", "GND", "GND", "R", 31.496, 35.433, 0, 0, 180],
		[91, "PAD6_1", 815.5589, 1438.0043, "T", "SMD", "$1N1954", "", "R", 31.496, 35.433, 0, 0, 180],
		[92, "PAD7_2", 1000.0043, 1110.4411, "T", "SMD", "VPMOS", "", "R", 31.496, 35.433, 0, 0, 270],
		[93, "PAD8_1", 999.9957, 1165.5589, "T", "SMD", "GND", "GND", "R", 31.496, 35.433, 0, 0, 270],
		[94, "PAD9_1", 533.4, 1011.24, "T", "SMD", "NET_1", "", "R", 20.945, 42.205, 0, 0, 180],
		[95, "PAD10_2", 496, 1011.24, "T", "SMD", "GND", "GND", "R", 20.945, 42.205, 0, 0, 180],
		[96, "PAD11_3", 458.6, 1011.24, "T", "SMD", "NET_2", "", "R", 20.945, 42.205, 0, 0, 180],
		[97, "PAD12_4", 458.6, 920.76, "T", "SMD", "CONN_D_P", "", "R", 20.945, 42.205, 0, 0, 180],
		[98, "PAD13_5", 496, 920.77, "T", "SMD", "VCC5M", "", "R", 20.945, 42.205, 0, 0, 180],
		[99, "PAD14_6", 533.4, 920.76, "T", "SMD", "CONN_D_N", "", "R", 20.945, 42.205, 0, 0, 180],
		[100, "PAD15_1", 666.6, 871.76, "T", "SMD", "SD_DAT1", "", "R", 20.945, 42.205, 0, 0, 0],
		[101, "PAD16_2", 704, 871.76, "T", "SMD", "GND", "GND", "R", 20.945, 42.205, 0, 0, 0],
		[102, "PAD17_3", 741.4, 871.76, "T", "SMD", "SD_DAT0", "", "R", 20.945, 42.205, 0, 0, 0],
		[103, "PAD18_4", 741.4, 962.24, "T", "SMD", "CTRL_DAT0", "", "R", 20.945, 42.205, 0, 0, 0],
		[104, "PAD19_5", 704, 962.23, "T", "SMD", "VPMOS", "", "R", 20.945, 42.205, 0, 0, 0],
		[105, "PAD20_6", 666.6, 962.24, "T", "SMD", "CTRL_DAT1", "", "R", 20.945, 42.205, 0, 0, 0],
		[106, "PAD21_1", 810.6, 871.76, "T", "SMD", "SD_CLK", "", "R", 20.945, 42.205, 0, 0, 0],
		[107, "PAD22_2", 848, 871.76, "T", "SMD", "GND", "GND", "R", 20.945, 42.205, 0, 0, 0],
		[108, "PAD23_3", 885.4, 871.76, "T", "SMD", "SD_CMD", "", "R", 20.945, 42.205, 0, 0, 0],
		[109, "PAD24_4", 885.4, 962.24, "T", "SMD", "CTRL_CMD", "", "R", 20.945, 42.205, 0, 0, 0],
		[110, "PAD25_5", 848, 962.23, "T", "SMD", "VPMOS", "", "R", 20.945, 42.205, 0, 0, 0],
		[111, "PAD26_6", 810.6, 962.24, "T", "SMD", "CTRL_CLK", "", "R", 20.945, 42.205, 0, 0, 0],
		[112, "PAD27_1", 954.6, 871.76, "T", "SMD", "SD_DAT3", "", "R", 20.945, 42.205, 0, 0, 0],
		[113, "PAD28_2", 992, 871.76, "T", "SMD", "GND", "GND", "R", 20.945, 42.205, 0, 0, 0],
		[114, "PAD29_3", 1029.4, 871.76, "T", "SMD", "SD_DAT2", "", "R", 20.945, 42.205, 0, 0, 0],
		[115, "PAD30_4", 1029.4, 962.24, "T", "SMD", "CTRL_DAT2", "", "R", 20.945, 42.205, 0, 0, 0],
		[116, "PAD31_5", 992, 962.23, "T", "SMD", "VPMOS", "", "R", 20.945, 42.205, 0, 0, 0],
		[117, "PAD32_6", 954.6, 962.24, "T", "SMD", "CTRL_DAT3", "", "R", 20.945, 42.205, 0, 0, 0],
		[118, "PAD33_1", 659.17, 73.9, "T", "SMD", "SD_DAT2", "", "R", 23.622, 62.992, 0, 0, 180],
		[119, "PAD34_2", 615.87, 73.9, "T", "SMD", "SD_DAT3", "", "R", 23.622, 62.992, 0, 0, 180],
		[120, "PAD35_3", 572.56, 73.9, "T", "SMD", "SD_CMD", "", "R", 23.622, 62.992, 0, 0, 180],
		[121, "PAD36_4", 529.25, 73.9, "T", "SMD", "VPMOS", "", "R", 23.622, 62.992, 0, 0, 180],
		[122, "PAD37_5", 485.94, 73.9, "T", "SMD", "SD_CLK", "", "R", 23.622, 62.992, 0, 0, 180],
		[123, "PAD38_6", 442.64, 73.91, "T", "SMD", "GND", "GND", "R", 23.622, 62.992, 0, 0, 180],
		[124, "PAD39_7", 399.33, 73.9, "T", "SMD", "SD_DAT0", "", "R", 23.622, 62.992, 0, 0, 180],
		[125, "PAD40_8", 356.02, 73.9, "T", "SMD", "SD_DAT1", "", "R", 23.622, 62.992, 0, 0, 180],
		[126, "PAD41_9", 263.7, 92.82, "T", "SMD", "GND", "GND", "R", 45.276, 86.614, 0, 0, 180],
		[127, "PAD42_9", 826.3, 98.72, "T", "SMD", "GND", "GND", "R", 45.276, 98.425, 0, 0, 180],
		[128, "PAD43_9", 826.3, 544.78, "T", "SMD", "GND", "GND", "R", 45.276, 86.614, 0, 0, 180],
		[129, "PAD44_9", 656.81, 576.08, "T", "SMD", "GND", "GND", "R", 45.276, 59.055, 0, 0, 270],
		[130, "PAD45_9", 350.51, 576.08, "T", "SMD", "GND", "GND", "R", 45.276, 59.055, 0, 0, 270],
		[131, "PAD46_9", 279.65, 531.79, "T", "SMD", "GND", "GND", "R", 47.244, 45.669, 0, 0, 270],
		[132, "PAD47_9", 279.65, 177.46, "T", "SMD", "GND", "GND", "R", 49.213, 45.669, 0, 0, 270],
		[133, "PAD48_9", 936.5, 1319.52, "T", "SMD", "$1N1880", "", "O", 14, 71.449, 0, 0, 0],
		[134, "PAD49_10", 911.5, 1319.51, "T", "SMD", "VCC5M", "", "O", 14.016, 71.457, 0, 0, 0],
		[135, "PAD50_13", 836.5, 1319.52, "T", "SMD", "$1N1954", "", "O", 14, 71.449, 0, 0, 0],
		[136, "PAD51_14", 811.5, 1319.52, "T", "SMD", "GND", "GND", "O", 14, 71.449, 0, 0, 0],
		[137, "PAD52_15", 786.5, 1319.52, "T", "SMD", "NET_2", "", "O", 14, 71.449, 0, 0, 0],
		[138, "PAD53_16", 761.5, 1319.51, "T", "SMD", "NET_1", "", "O", 14.016, 71.457, 0, 0, 0],
		[139, "PAD54_8", 936.5, 1110.48, "T", "SMD", "VPMOS", "", "O", 14, 71.449, 0, 0, 0],
		[140, "PAD55_7", 911.5, 1110.48, "T", "SMD", "CTRL_DAT2", "", "O", 14, 71.449, 0, 0, 0],
		[141, "PAD56_6", 886.5, 1110.48, "T", "SMD", "CTRL_DAT3", "", "O", 14, 71.449, 0, 0, 0],
		[142, "PAD57_5", 861.5, 1110.48, "T", "SMD", "CTRL_CMD", "", "O", 14, 71.449, 0, 0, 0],
		[143, "PAD58_4", 836.5, 1110.48, "T", "SMD", "CTRL_CLK", "", "O", 14, 71.449, 0, 0, 0],
		[144, "PAD59_3", 811.5, 1110.48, "T", "SMD", "CTRL_DAT0", "", "O", 14, 71.449, 0, 0, 0],
		[145, "PAD60_2", 786.5, 1110.48, "T", "SMD", "CTRL_DAT1", "", "O", 14, 71.449, 0, 0, 0],
		[146, "PAD61_1", 761.5, 1110.48, "T", "SMD", "GND", "GND", "O", 14, 71.449, 0, 0, 0],
		[147, "PAD62_2", 914.0043, 1422.4411, "T", "SMD", "VCC5M", "", "R", 31.496, 35.433, 0, 0, 270],
		[148, "PAD63_1", 913.9957, 1477.5589, "T", "SMD", "GND", "GND", "R", 31.496, 35.433, 0, 0, 270],
		[149, "PAD64_1", 520.87, 810.63, "T", "SMD", "GND", "GND", "R", 27.559, 7.874, 0, 0, 270],
		[150, "PAD65_2", 520.87, 689.37, "T", "SMD", "GND", "GND", "R", 27.559, 7.874, 0, 0, 270],
		[151, "PAD66_3", 505.12, 810.63, "T", "SMD", "CONN_D_N", "", "R", 27.559, 7.874, 0, 0, 270],
		[152, "PAD67_4", 505.12, 689.37, "T", "SMD", "GND", "GND", "R", 27.559, 7.874, 0, 0, 270],
		[153, "PAD68_5", 489.37, 810.63, "T", "SMD", "CONN_D_P", "", "R", 27.559, 7.874, 0, 0, 270],
		[154, "PAD69_7", 473.62, 810.63, "T", "SMD", "GND", "GND", "R", 27.559, 7.874, 0, 0, 270],
		[155, "PAD70_12", 442.13, 689.37, "T", "SMD", "VCC5M", "", "R", 27.559, 7.874, 0, 0, 270],
		[156, "PAD71_13", 426.38, 810.63, "T", "SMD", "GND", "GND", "R", 27.559, 7.874, 0, 0, 270],
		[157, "PAD72_14", 426.38, 689.37, "T", "SMD", "VCC5M", "", "R", 27.559, 7.874, 0, 0, 270],
		[158, "PAD73_16", 410.63, 689.37, "T", "SMD", "VCC5M", "", "R", 27.559, 7.874, 0, 0, 270],
		[159, "PAD74_18", 394.88, 689.37, "T", "SMD", "VCC5M", "", "R", 27.559, 7.874, 0, 0, 270],
		[160, "PAD75_19", 379.13, 810.63, "T", "SMD", "GND", "GND", "R", 27.559, 7.874, 0, 0, 270],
		[161, "PAD76_20", 379.13, 689.37, "T", "SMD", "VCC5M", "", "R", 27.559, 7.874, 0, 0, 270]
	]
}
}